
[
    {"french_word": "Grand", "quebec_pronunciation": "gran", "english": "Big/Tall", "parts": {"gender": "masculine"}},
    {"french_word": "Grande", "quebec_pronunciation": "grand", "english": "Big/Tall", "parts": {"gender": "feminine"}},
    {"french_word": "Petit", "quebec_pronunciation": "puh-tee", "english": "Small", "parts": {"gender": "masculine"}},
    {"french_word": "Petite", "quebec_pronunciation": "puh-teet", "english": "Small", "parts": {"gender": "feminine"}},
    {"french_word": "Beau", "quebec_pronunciation": "bo", "english": "Beautiful/Handsome", "parts": {"gender": "masculine"}},
    {"french_word": "Belle", "quebec_pronunciation": "bel", "english": "Beautiful", "parts": {"gender": "feminine"}},
    {"french_word": "Nouveau", "quebec_pronunciation": "noo-vo", "english": "New", "parts": {"gender": "masculine"}},
    {"french_word": "Nouvelle", "quebec_pronunciation": "noo-vel", "english": "New", "parts": {"gender": "feminine"}},
    {"french_word": "Vieux", "quebec_pronunciation": "vyoo", "english": "Old", "parts": {"gender": "masculine"}},
    {"french_word": "Vieille", "quebec_pronunciation": "vyay", "english": "Old", "parts": {"gender": "feminine"}},
    {"french_word": "Bon", "quebec_pronunciation": "bon", "english": "Good", "parts": {"gender": "masculine"}},
    {"french_word": "Bonne", "quebec_pronunciation": "bon", "english": "Good", "parts": {"gender": "feminine"}},
    {"french_word": "Mauvais", "quebec_pronunciation": "mo-veh", "english": "Bad", "parts": {"gender": "masculine"}},
    {"french_word": "Mauvaise", "quebec_pronunciation": "mo-vez", "english": "Bad", "parts": {"gender": "feminine"}},
    {"french_word": "Facile", "quebec_pronunciation": "fa-seel", "english": "Easy", "parts": {"gender": "N/A"}},
    {"french_word": "Difficile", "quebec_pronunciation": "dee-fee-seel", "english": "Difficult", "parts": {"gender": "N/A"}},
    {"french_word": "Rapide", "quebec_pronunciation": "ra-peed", "english": "Fast", "parts": {"gender": "N/A"}},
    {"french_word": "Lent", "quebec_pronunciation": "lan", "english": "Slow", "parts": {"gender": "masculine"}},
    {"french_word": "Lente", "quebec_pronunciation": "lant", "english": "Slow", "parts": {"gender": "feminine"}},
    {"french_word": "Propre", "quebec_pronunciation": "propr", "english": "Clean", "parts": {"gender": "N/A"}},
    {"french_word": "Sale", "quebec_pronunciation": "sal", "english": "Dirty", "parts": {"gender": "N/A"}},
    {"french_word": "Heureux", "quebec_pronunciation": "uh-ruh", "english": "Happy", "parts": {"gender": "masculine"}},
    {"french_word": "Heureuse", "quebec_pronunciation": "uh-ruz", "english": "Happy", "parts": {"gender": "feminine"}},
    {"french_word": "Triste", "quebec_pronunciation": "treest", "english": "Sad", "parts": {"gender": "N/A"}},
    {"french_word": "Fort", "quebec_pronunciation": "for", "english": "Strong", "parts": {"gender": "masculine"}},
    {"french_word": "Forte", "quebec_pronunciation": "fort", "english": "Strong", "parts": {"gender": "feminine"}},
    {"french_word": "Faible", "quebec_pronunciation": "febl", "english": "Weak", "parts": {"gender": "N/A"}},
    {"french_word": "Cher", "quebec_pronunciation": "shehr", "english": "Expensive", "parts": {"gender": "masculine"}},
    {"french_word": "Chère", "quebec_pronunciation": "shehr", "english": "Expensive", "parts": {"gender": "feminine"}},
    {"french_word": "Bon marché", "quebec_pronunciation": "bon mar-shay", "english": "Cheap", "parts": {"notes": "Always masculine, even for feminine nouns."}},
    {"french_word": "Intéressant", "quebec_pronunciation": "an-tay-ray-san", "english": "Interesting", "parts": {"gender": "masculine"}},
    {"french_word": "Intéressante", "quebec_pronunciation": "an-tay-ray-sant", "english": "Interesting", "parts": {"gender": "feminine"}}
]
